{
    "linear_regression": {
        "R2": 0.8986839264338214,
        "MAE": 1151.9433930166588,
        "RMSE": 1460.0230719241795
    },
    "lasso_regression": {
        "best_alpha": 10,
        "R2": 0.8995186725671465,
        "MAE": 1145.4562933411719,
        "RMSE": 1453.9960453515746
    },
    "ridge_regression": {
        "best_alpha": 4.6415888336127775,
        "R2": 0.8990780615798127,
        "MAE": 1149.351294438365,
        "RMSE": 1457.180447248042
    },
    "svr": {
        "best_params": {
            "svr__C": 1000,
            "svr__epsilon": 10,
            "svr__gamma": "scale"
        },
        "R2": 0.8475640886415476,
        "MAE": 1438.52511567174,
        "RMSE": 1790.8705271621172
    },
    "pca_linear_regression": {
        "n_components": 19,
        "explained_variance_ratio_sum": 0.9624095119217972,
        "R2": 0.879768150387111,
        "MAE": 1258.2679538033572,
        "RMSE": 1590.487673191021
    }
}